next_group_id,pre_location,post_location,post_provider,takeover_date,n_sites,takeover_year,pre_practice_code
16,1-571154154,1-10011093419,1-9622150528,2021-02-01,2,2021,B85042
19,1-556501327,1-10012064243,1-2243873064,2020-12-10,2,2020,P82613
132,1-565519846,1-10097436842,1-6475914402,2020-12-30,2,2020,G81667
138,1-547708212,1-10127416740,1-9716000802,2021-01-01,2,2021,E85041
238,1-543008692,1-10210803891,1-9718215933,2021-02-01,2,2021,B85020
353,1-10319655333,1-12826486550,1-11379457076,2022-03-24,4,2022,E85099
505,1-5548254448,1-10438797030,1-6092785461,2021-03-12,3,2021,D81042
550,1-540234371,1-10472984618,1-129963048,2021-03-09,2,2021,J82069
619,1-508621013,1-1051403692,1-325698686,2014-03-06,2,2014,Y03445
652,1-540184771,1-10529993173,1-6092785461,2021-03-12,3,2021,E82132
804,1-553822687,1-10645640917,1-199810662,2021-04-01,2,2021,L85048
881,1-10723774318,1-13421073245,1-129963048,2022-09-26,2,2022,Y07014
984,1-2843691327,1-10818847806,1-10193874871,2021-05-06,3,2021,B85033
1039,1-583481326,1-10864405075,1-10604284425,2021-05-18,2,2021,D82106
1085,1-551515639,1-10895808545,1-6475914402,2021-05-14,2,2021,G81075
1097,1-4084964064,1-10920010263,1-10490402395,2021-08-02,3,2021,P92648
1205,1-568488725,1-1100197140,1-1051728530,2013-12-03,3,2013,C84624
1291,1-542791668,1-11063513851,1-6475914402,2021-06-15,2,2021,G81043
1419,1-7279550994,1-11163971585,1-10610710908,2021-08-05,3,2021,B85051
1448,1-753354611,1-11188571553,1-199810662,2021-07-01,3,2021,L83068
1496,1-9654347612,1-11223932705,1-2244021771,2021-12-01,3,2021,P83620
1542,1-11265113860,1-13465672415,1-5687593120,2022-07-13,4,2022,G82741
1972,1-571164828,1-11595190515,1-199807916,2021-10-06,2,2021,F81218
2152,1-569579047,1-11730003889,1-10599731671,2021-09-29,2,2021,P81025
2234,1-9017401847,1-11779710447,1-10167785208,2021-10-07,3,2021,B85614
2299,1-11824375429,1-18392542902,1-199800254,2024-03-06,4,2024,C81039
2380,1-19567761642,1-11871894400,1-329926742,2021-11-01,3,2021,F86026
2406,1-510876439,1-11890458981,1-11461944854,2021-12-03,2,2021,P87613
2525,1-567700690,1-11947015605,1-11822820351,2022-02-24,2,2022,P87015
3002,1-543668905,1-12192533075,1-11899100030,2022-08-02,2,2022,F85678
3009,1-641213793,1-12194105515,1-11147386751,2022-03-04,2,2022,B86104
3054,1-537750432,1-12214241318,1-183173152,2021-12-17,2,2021,B87042
3318,1-570776431,1-12382873174,1-6475914402,2022-01-13,2,2022,G81030
3506,1-1249244528,1-9043729973,1-199743528,2020-07-09,2,2020,F83048
3615,1-493360482,1-12553127226,1-11860473164,2022-02-09,2,2022,A88010
3891,1-546916558,1-12706625480,1-12453147776,2022-04-22,2,2022,E81029
3938,1-547975937,1-7112966959,1-6847593770,2019-09-04,3,2019,C82678
3966,1-565555940,1-4349994072,1-1868755349,2017-10-02,4,2017,L83074
4064,1-540990868,1-12837006811,1-199791946,2022-05-04,2,2022,A82004
4123,1-544328423,1-12881790837,1-1846193632,2022-08-04,2,2022,A87600
4124,1-548310347,1-12886424125,1-6475914402,2022-05-05,2,2022,G81663
4175,1-565856422,1-12910985679,1-1309497424,2022-06-30,2,2022,G82002
4234,1-7382111116,1-12948619368,1-199810594,2022-04-13,2,2022,D81629
4352,1-7785371200,1-13031155008,1-12555836675,2022-05-23,3,2022,Y00050
4428,1-547683230,1-13084100625,1-2243873064,2022-07-13,2,2022,P92630
4522,1-16863416092,1-19418942001,1-18224715065,2024-06-19,5,2024,B82106
4578,1-570610077,1-13189845599,1-12789204861,2022-08-02,2,2022,B83008
4672,1-505484814,1-13265729238,1-2524622288,2022-06-08,2,2022,B81095
4694,1-13273264908,1-18694117337,1-2243873064,2024-02-13,3,2024,N83620
4912,1-1413672756,1-13416169217,1-199791135,2022-08-17,3,2022,A82033
4926,1-541903467,1-13422980581,1-13167560025,2023-05-31,2,2023,B85005
4945,1-572335241,1-13440529241,1-13400632425,2022-10-31,2,2022,P92626
4976,1-594053855,1-13453333625,1-824503054,2022-09-30,2,2022,L84034
5000,1-2796286094,1-13462686405,1-5687593120,2022-07-13,3,2022,G82653
5127,1-581549066,1-13578790553,1-13329277444,2022-07-18,2,2022,B85062
5232,1-2567054006,1-13674379350,1-12333357053,2022-08-11,2,2022,P81622
5432,1-541992302,1-13867124286,1-824503054,2022-09-30,2,2022,L84615
5481,1-558113804,1-13904923798,1-13124034527,2022-09-05,2,2022,B84001
5529,1-13937340013,1-15251981735,1-15110643486,2023-06-01,3,2023,B85037
5570,1-549363386,1-13949898991,1-199791946,2023-01-05,2,2023,A82005
5995,1-3171744455,1-14484100650,1-13814384615,2023-01-31,3,2023,B85652
6096,1-581874322,1-14588838362,1-199810662,2023-04-04,2,2023,L85016
6142,1-1568346317,1-2850857915,1-199810662,2016-08-15,3,2016,L85005
6190,1-522559638,1-14757838344,1-199793731,2023-01-27,2,2023,G81694
6203,1-2655787942,1-4306232713,1-4098603105,2017-10-01,3,2017,C82614
6295,1-539448369,1-14879683612,1-14778593859,2023-04-05,2,2023,F84710
6353,1-1495976794,1-18786583894,1-18743376436,2024-04-02,2,2024,C85019
6467,1-572556113,1-15120825214,1-15071157121,2023-04-05,2,2023,B85027
6583,1-1524716326,1-7801509519,1-1629704536,2019-11-20,2,2019,C84133
6632,1-768775295,1-15295767415,1-14913218948,2023-08-09,3,2023,N82022
6651,1-542265213,1-15321901015,1-1846193632,2023-05-04,2,2023,A87019
6663,1-552576333,1-15353665175,1-15267594323,2023-06-14,2,2023,C86025
6752,1-5468328360,1-15488096827,1-5653670004,2023-06-07,3,2023,C83029
6766,1-15501014252,1-3507703998,1-2637114485,2017-03-07,3,2017,N85014
6776,1-547658686,1-15525292505,1-199810594,2023-06-12,2,2023,D81036
6834,1-542849524,1-15640538095,1-1732829412,2023-07-03,2,2023,H84618
6859,1-1681914335,1-3507896165,1-2637114485,2017-03-07,4,2017,N84019
6929,1-550741589,1-15837734709,1-199805741,2023-07-05,2,2023,N84035
6981,1-552621809,1-15922643353,1-129963048,2023-09-05,2,2023,K81004
6985,1-4072168820,1-15929752885,1-435646091,2023-06-29,4,2023,P83609
7007,1-565816951,1-15972023267,1-15935089262,2023-07-04,2,2023,F84031
7398,1-16863415869,1-19418941973,1-18224715065,2024-06-19,4,2024,P81732
7444,1-553791846,1-16968669806,1-11860473164,2023-09-12,2,2023,A88023
7488,1-578044035,1-17061123230,1-3698381344,2023-09-05,2,2023,B82104
7607,1-671754250,1-1725825423,1-390202191,2014-10-22,3,2014,F85023
7649,1-1738880838,1-2925490870,1-199809767,2016-09-28,2,2016,G84628
7653,1-571011387,1-17393135338,1-824503054,2023-10-10,2,2023,L84029
7818,1-559118460,1-17583652620,1-1846193632,2023-11-14,2,2023,A84029
7978,1-565469643,1-17891701889,1-17716249353,2024-07-02,2,2024,F85044
8127,1-19829505166,1-19611704445,1-199807916,2024-07-12,4,2024,G82113
8134,1-5676455770,1-18223608015,1-199810421,2024-01-04,3,2024,B82038
8175,1-542523700,1-18290023529,1-17645909000,2024-01-30,2,2024,M83682
8179,1-547522539,1-18296748815,1-18241335106,2024-04-02,2,2024,P89008
8211,1-554440167,1-18334461975,1-129963048,2024-03-01,2,2024,L83029
8256,1-571373360,1-18392395954,1-18174324608,2024-02-06,2,2024,N81075
8441,1-543735920,1-18694117300,1-2243873064,2024-02-13,2,2024,N83023
9592,1-559578647,1-19039624308,1-2950862052,2024-06-14,2,2024,C82029
9636,1-2653346050,1-19084615455,1-2815136390,2024-05-15,3,2024,N84037
9833,1-545334896,1-19392421055,1-18796457705,2024-07-02,2,2024,B85001
10127,1-8084307476,1-19561873247,1-2166528908,2024-09-09,2,2024,Y02567
10192,1-568142085,1-19608949386,1-1846193632,2024-08-22,2,2024,A84036
10225,1-1962116187,1-4377468268,1-2162142726,2017-10-13,2,2017,Y01695
10478,1-576313048,1-1975559583,1-500541416,2015-03-05,2,2015,C84632
10503,1-1977230199,1-4979059845,1-4787999530,2018-04-04,3,2018,B85660
10624,1-1982810233,1-7457819665,1-4784460363,2019-09-11,2,2019,G82072
11575,1-2056111316,1-4859159556,1-199760373,2018-02-14,3,2018,L81112
11796,1-2097457419,1-7064943591,1-6857957165,2019-07-01,3,2019,G82634
12056,1-2510599490,1-2809558782,1-351584301,2016-08-17,2,2016,Y05023
12090,1-537675704,1-2131447312,1-1700043812,2015-07-21,2,2015,F86666
12134,1-569537485,1-2138647930,1-1846193632,2015-07-15,2,2015,A84025
12225,1-540663802,1-2153895033,1-347950325,2015-10-27,2,2015,B81060
12250,1-551713532,1-2158367538,1-199743528,2015-08-04,2,2015,E85025
12252,1-551713649,1-2158399832,1-199743528,2015-09-03,2,2015,G85118
12448,1-2188518541,1-8195335184,1-6475914402,2020-01-28,2,2020,G81083
12679,1-551713665,1-2214107009,1-199723650,2015-10-12,2,2015,Y02522
12758,1-3621598878,1-4475950300,1-2243873064,2017-11-06,4,2017,P81035
12785,1-2235607341,1-2796471792,1-2524622288,2016-07-01,2,2016,B81074
13279,1-509706485,1-2383340331,1-2258922352,2016-01-05,3,2016,A81018
13402,1-526368210,1-2436804742,1-390202191,2016-02-04,3,2016,F83683
13449,1-2448305480,1-6252733703,1-5804792341,2019-08-02,3,2019,A82058
13455,1-506233707,1-2448750245,1-1868755349,2016-02-01,2,2016,L83664
13521,1-4650275718,1-2471320621,1-286186558,2016-03-09,3,2016,D83034
13577,1-583984456,1-2492282537,1-199760373,2016-03-15,2,2016,L81028
13611,1-544096057,1-2498277439,1-126776312,2016-04-01,2,2016,E81020
13760,1-543711721,1-2552250924,1-1868755349,2016-04-06,2,2016,L83658
13832,1-2590582175,1-5224181542,1-3565616205,2018-06-05,2,2018,N84036
13908,1-493883831,1-2634120925,1-2566493101,2016-09-22,2,2016,L83643
13968,1-501620199,1-2666955498,1-2524622288,2016-06-03,2,2016,B81089
14126,1-2743224163,1-4953968978,1-199805741,2018-03-09,2,2018,N84630
14204,1-507920384,1-2783297139,1-2430315136,2016-07-20,3,2016,N84010
14239,1-2796436124,1-5968193310,1-199810662,2018-11-01,2,2018,L85061
14289,1-671720819,1-2824829011,1-2734655542,2016-08-17,2,2016,F84700
14429,1-2890762581,1-5237676013,1-199808952,2018-05-29,3,2018,P84062
14460,1-497308362,1-2901810412,1-2829828428,2016-09-07,3,2016,M83661
14529,1-512396706,1-2934760653,1-2637114485,2016-09-26,2,2016,Y02162
14817,1-549762425,1-3056640488,1-199810662,2017-04-03,2,2017,L85010
14864,1-550750179,1-3087351958,1-199810662,2017-08-01,2,2017,L85064
15024,1-538854409,1-3213236325,1-199788641,2017-02-03,2,2017,J83025
15059,1-508612889,1-3240130544,1-2139683806,2017-01-27,2,2017,C85001
15073,1-544063491,1-3253726908,1-199743528,2017-01-19,2,2017,G85029
15104,1-3279523961,1-4807585538,1-199713036,2018-02-01,2,2018,C86616
15209,1-543045113,1-3493029603,1-199810662,2017-06-30,2,2017,L85004
15214,1-541009901,1-8969524899,1-5804792341,2020-07-08,2,2020,A82049
15829,1-553267425,1-4111936816,1-140317426,2017-08-14,2,2017,D83012
15881,1-4155874244,1-4829977217,1-199809767,2018-06-22,2,2018,Y02585
15929,1-4205043824,1-5458088001,1-2243873064,2018-07-16,3,2018,P92651
15964,1-533540920,1-4232289013,1-2243873064,2017-09-20,2,2017,A82015
16035,1-549494339,1-4293217724,1-2309896055,2017-09-30,2,2017,C88073
16056,1-4324319766,1-9628181778,1-199807916,2020-11-09,3,2020,F81641
16058,1-4324324943,1-6504024470,1-4565742850,2019-04-12,2,2019,C84688
16085,1-583378088,1-4348687329,1-4276012099,2019-12-02,2,2019,J84019
16087,1-549584984,1-4349396201,1-199810662,2017-10-02,2,2017,L85027
16181,1-569490661,1-4449298327,1-1846193632,2017-11-01,2,2017,A87006
16251,1-553828914,1-4522332522,1-1555716224,2017-12-04,2,2017,P84052
16302,1-666949657,1-4581177441,1-2524622288,2017-12-01,2,2017,B81002
16340,1-500482760,1-4649911352,1-2553685965,2018-01-15,2,2018,A89032
16372,1-4709270515,1-5746161600,1-199743528,2018-10-04,4,2018,G85723
16456,1-496453263,1-4827040233,1-4616028756,2018-02-05,2,2018,B81693
16463,1-569596506,1-4834725288,1-199760353,2018-02-07,2,2018,L81119
16464,1-551641230,1-4834888492,1-199760353,2018-02-07,2,2018,L81016
16488,1-489395670,1-4867909740,1-149716288,2018-02-16,2,2018,Y00449
16600,1-5009593770,1-9628181715,1-199807916,2020-11-09,2,2020,G82744
16645,1-566710058,1-5051788184,1-199760373,2018-04-09,2,2018,L81015
16666,1-507563019,1-9158504891,1-8942136825,2020-07-07,2,2020,C84703
16671,1-507857579,1-7257992764,1-1629704536,2019-09-15,2,2019,C84658
16686,1-510251104,1-8646327817,1-5804792341,2020-04-01,3,2020,A82635
16708,1-585066271,1-5134910650,1-199810662,2018-05-02,2,2018,L85026
16718,1-514947609,1-883156978,1-199811219,2013-11-18,2,2013,P81694
16728,1-667399202,1-5164766845,1-4885935299,2018-05-05,2,2018,N83015
16797,1-527042237,1-9266382451,1-4565742850,2020-07-31,2,2020,C84647
16860,1-537777270,1-6949608274,1-6475914402,2019-06-03,2,2019,H82044
16870,1-538798433,1-9187449570,1-8896488920,2020-07-27,2,2020,F82647
16872,1-538847742,1-6824074368,1-6792276655,2019-06-06,2,2019,B85019
16880,1-539674208,1-8559382141,1-1872694444,2020-03-26,2,2020,A86007
16894,1-540483372,1-9579950033,1-9408866535,2020-10-01,2,2020,B84019
16908,1-540960568,1-8646327771,1-5804792341,2020-04-01,2,2020,A82047
16909,1-540990875,1-8969524873,1-5804792341,2020-07-08,2,2020,A82048
16911,1-540998567,1-7197600846,1-5804792341,2020-03-01,2,2020,A82020
16917,1-541106905,1-6252733871,1-5804792341,2020-03-01,2,2020,A82024
16933,1-542200681,1-7197600820,1-5804792341,2019-12-01,2,2019,A82041
16975,1-543909299,1-9187699322,1-9617896176,2020-11-03,2,2020,P81099
16985,1-544238105,1-7257992810,1-1629704536,2019-09-15,2,2019,C84124
16992,1-544872566,1-9738013679,1-7985187953,2020-12-14,2,2020,P81212
16998,1-545213137,1-8007701144,1-4594974991,2020-01-08,2,2020,J82181
17007,1-545517138,1-7388099134,1-2553685965,2019-10-16,2,2019,A89614
17027,1-570654148,1-5462765322,1-5323242530,2018-12-03,2,2018,K84072
17048,1-548330892,1-6856885627,1-199743528,2019-05-10,2,2019,E87046
17068,1-549867852,1-6154939103,1-199810662,2019-02-01,2,2019,L85032
17097,1-552273577,1-9298356902,1-9235601316,2020-08-12,2,2020,B84012
17102,1-552434060,1-914860678,1-914787291,2013-08-22,2,2013,M89002
17104,1-552535105,1-8527166190,1-199810662,2020-04-01,2,2020,L85003
17131,1-554725105,1-7095052970,1-7059444521,2019-07-29,2,2019,B85014
17148,1-556707721,1-9298534575,1-6475914402,2020-08-04,2,2020,G81061
17251,1-567961340,1-8780776156,1-1309497424,2020-05-26,2,2020,G82126
17270,1-569243337,1-715881521,1-265731492,2013-05-01,2,2013,Y04333
17287,1-570707811,1-8781024086,1-1309497424,2020-05-26,2,2020,G82666
17293,1-571090607,1-7486177928,1-199810481,2019-09-10,2,2019,K84028
17340,1-583141322,1-6022485147,1-199810662,2018-12-04,2,2018,L85007
